prediction,target
1033.4930701992425,900.0
793.5637403019072,850.0
1158.3083795205876,1135.0
684.0767608803279,750.0
1028.737800838286,905.0
662.3810709499827,595.0
1315.1658694266653,1235.0
585.829961356504,472.0
747.7099973092189,790.0
957.7118603838659,1025.0
792.9559638607325,880.0
1071.8173921125606,1037.0
1024.7327654765843,970.0
1150.9368875393905,1160.0
598.6054129708583,705.0
1244.675510572343,1268.0
1257.2893282531993,1115.0
917.8212525094024,780.0
1129.5837433248291,980.0
941.2820541946321,1035.0
817.1369569072289,840.0
633.1325565056328,665.0
1302.4839078871216,1395.0
610.0300000449027,600.0
1314.5686435076902,1227.0
823.5384691322205,770.0
1306.1390995735626,1330.0
987.0528637933852,1030.0
1026.0477947565948,1240.0
606.1749318886665,522.0
765.701083068851,590.0
1268.725370520938,689.0
606.0512583977511,655.0
1070.3145779112149,765.0
999.8724920440503,922.0
1321.8504476377902,1370.0
613.2616714137777,675.0
1211.3682042562132,1120.0
1063.1125764765725,1050.0
755.2192119002422,840.0
1320.9487990916411,1125.0
1060.4350352430254,990.0
1284.6150050871556,1235.0
1261.4709375985224,1230.0
690.3727954511145,585.0
1101.5427729531796,1230.0
1037.4176577967007,970.0
1014.7756841852929,1040.0
1043.8564968203702,720.0
565.3161746472289,570.0
1288.3077423553916,1070.0
1210.1063312314523,1275.0
994.765953167184,791.0
1009.0225315177139,1005.0
670.0961354370894,725.0
1291.1688627828255,1295.0
1102.4164939096092,1025.0
745.4229845798153,660.0
1239.7901885657297,1300.0
528.7288367258869,658.0
668.2125618073106,685.0
720.6253007954598,794.0
1187.6840015833461,1150.0
1059.5408759297625,1110.0
1178.8545003245001,1065.0
986.1272252097907,875.0
962.1655348261235,827.0
1014.9742556650053,900.0
1060.318275096948,1045.0
1203.5185192899883,1140.0
1109.8029391831035,1300.0
802.1403072591655,760.0
635.9011787556441,800.0
1333.1053519252519,1577.0
1374.807496383143,1425.0
1103.3528618401963,1085.0
718.9884919096398,750.0
1032.3373311904963,1080.0
1301.58335076738,1200.0
633.5386650490547,760.0
1210.8612296456188,1180.0
992.802926346482,990.0
1143.8805881294695,1234.0
1269.0524865754662,1525.0
777.4998182272515,675.0
1188.7874891432928,1165.0
1411.4977059120026,1732.0
725.6461774019804,930.0
1047.4781456015255,860.0
982.0951297449839,1191.0
1286.2399131385735,1205.0
1093.7969696501193,1050.0
1347.9264707854084,1465.0
1045.1304671953028,1065.0
1154.000924249913,1120.0
938.6816107412252,961.0
1395.3912545265318,1430.0
1006.518168435077,880.0
755.2671958175529,860.0
1104.1369404508177,1195.0
594.5642139784455,670.0
1310.0496869846966,1204.0
686.6933421739367,680.0
637.4538022551475,620.0
741.4754535543187,713.0
802.0489895839783,925.0
667.1895028744572,555.0
892.7885998441831,845.0
575.2391151150043,567.0
981.7418297348348,1040.0
1100.2825813517854,1080.0
1141.5307438918471,1220.0
922.5758253301589,650.0
594.7739891592059,595.0
654.0896341432848,706.0
717.1825842076586,820.0
1093.2409724971474,1160.0
988.9037192315864,1075.0
1075.1629866314026,1071.0
642.8939767386851,795.0
807.3999257028772,940.0
1018.8394703618209,1095.0
1047.7065268843735,865.0
585.9079770869522,675.0
1255.369923130502,1490.0
1167.5346113420885,1155.0
965.9857194739351,1235.0
1205.9295477630196,1320.0
952.7503122139824,855.0
645.3680624612521,660.0
1193.4872855495717,1160.0
1268.3069176985168,1110.0
970.7001371141849,895.0
1257.875409491321,1210.0
1308.1078037966188,1600.0
1287.853869021863,1675.0
564.4543028714793,560.0
775.5868336224747,660.0
1069.984920697809,1165.0
1226.2631307485415,1137.0
894.9829293253798,771.0
712.7938109092423,785.0
943.287170203898,960.0
1002.6203006134391,995.0
1100.5442796175012,810.0
1029.6221084309807,1170.0
1081.71958396165,1315.0
992.8027452967881,790.0
935.0752779373271,992.0
973.1116246116247,930.0
1239.1980186279354,1451.0
1110.3680513050756,1180.0
1084.411310649317,960.0
737.2325667560236,900.0
1291.5445346803986,1521.0
1403.812501466593,1370.0
911.2334990838175,1125.0
704.7101741133523,650.0
1085.5175685350046,1142.0
1284.5265886349414,1310.0
909.3440926393068,716.0
1207.7157492952622,1215.0
606.2362314109118,860.0
1394.768591994337,1565.0
790.5204050049641,645.0
1230.4350764230921,1050.0
638.4335812998619,585.0
1205.709007454827,1215.0
1254.0981084236373,1325.0
1353.260841743887,1070.0
972.390150561206,950.0
1155.7148091298875,926.0
1226.822707140995,1190.0
1077.5127598370034,1257.0
1433.9526604974055,1355.0
1294.9950260496055,1430.0
510.49085713524664,525.0
737.9598187941133,850.0
1264.4551505522259,1270.0
1273.3711387899807,1070.0
1039.1664581352543,1110.0
907.2267697390183,730.0
1298.8332075508147,1151.0
953.3397395027587,1059.0
1511.0305562769854,1555.0
1328.87464635016,1030.0
746.5680798057288,945.0
616.4853408669925,830.0
1444.494028461482,1450.0
971.739602047408,1070.0
1089.6823611638101,1245.0
1078.9116904917535,1135.0
1122.3989816206004,1270.0
669.324405736418,705.0
1009.2576594447327,1100.0
1290.7737560143999,1150.0
1061.6897385728455,970.0
1034.9525546639966,1120.0
1086.7543419790647,1105.0
917.851512230677,805.0
693.0396262200564,725.0
1319.5766805892436,1580.0
1358.1844037117837,1470.0
642.0968156454193,665.0
1281.2828192359786,1465.0
817.35821260461,1030.0
962.8298590478795,937.0
732.2748701409822,790.0
1306.5991548004408,1340.0
1170.5949962174748,950.0
738.5032831464268,620.0
703.4353112478065,629.0
895.7500866694777,965.0
1181.706198418564,1260.0
1281.4525993691734,1532.0
1243.4740955206978,1213.0
1212.0641894279672,1515.0
1286.4121787628067,1170.0
651.0766467687112,750.0
716.7617355944399,683.0
700.7278191736071,600.0
660.3513000692644,535.0
1277.0717872411828,1320.0
1317.5361327099865,1435.0
694.2292100646258,735.0
1204.7787012653678,1340.0
1163.0726029842087,1191.0
1161.4327517199592,1118.0
1314.9997649699183,1260.0
737.2049962123286,740.0
562.254509841698,455.0
1195.8663603310576,1323.0
1113.2714563214279,1180.0
767.3815428609247,786.0
1041.1303069941634,1025.0
1000.5232055280889,1020.0
1348.0460377301004,1355.0
1044.9928601849617,835.0
1087.814161267969,980.0
1222.033311254974,1095.0
679.1735784774156,645.0
1376.521144824507,1055.0
1046.9318706671365,1120.0
1079.4137843195194,942.0
629.6841889868659,635.0
835.8047096704205,980.0
1275.2290926735236,1340.0
1158.5638225860605,1040.0
1116.810966840853,1030.0
1175.6349572065624,1110.0
1220.1848845993313,1310.0
956.8873960870429,1040.0
1083.4195374962,990.0
1237.1225579375875,1330.0
1224.040307996603,1280.0
803.9275799615966,795.0
1105.0680610031384,1070.0
815.2378496271645,580.0
620.9413888643875,462.0
1264.3185243505216,1120.0
1056.7552351537238,850.0
929.9888719981162,610.0
948.8333090774794,948.0
1134.271278586731,1083.0
930.988125811843,1130.0
1292.1727033900659,1330.0
656.6683690870478,695.0
1125.0942440851863,1295.0
1109.334872995871,1095.0
1470.5488665300134,1405.0
1222.084106161677,1371.0
1232.0988198323612,1310.0
1334.8694163253465,1270.0
810.4831983926466,1005.0
1246.568100360571,1430.0
1356.7774842072163,1420.0
1211.6716516616436,1210.0
1300.043009282067,1202.0
1270.4485061392409,1154.0
658.6556464295631,621.0
1198.778471684258,1390.0
670.9836855232141,690.0
1363.1638770287593,1422.0
784.001100739164,750.0
992.3819915018609,933.0
1330.8530070281183,1360.0
728.2300554341455,845.0
1226.7826561504214,1260.0
956.2624689359394,1060.0
1193.3356337295215,1105.0
722.480677161584,633.0
1055.9006195130448,1150.0
1029.175425191861,1240.0
914.0881213885967,930.0
1066.8069446242973,850.0
752.3106339481069,756.0
1310.3047430614108,1475.0
845.1678427667142,690.0
1332.4400862359464,1085.0
929.684412180935,975.0
1103.4662195398512,1096.0
1110.6534864458993,1285.0
885.2373014468889,1015.0
1387.739278475123,1224.0
1308.2711219004598,1315.0
1197.4900795354179,1445.0
704.6815795079256,850.0
1073.8673246527662,1140.0
963.3493954186529,980.0
1085.8419553509705,860.0
1193.4431077651332,780.0
785.4478926070465,635.0
1398.161634555746,1565.0
1318.459704769273,1190.0
954.3711923041969,765.0
1161.8551937767495,1380.0
832.055219879543,931.0
1036.3651114372483,1090.0
1212.1146028012633,1145.0
696.9092772664675,785.0
1169.9823990049892,1020.0
1249.5582882360657,1290.0
677.9385788513974,560.0
868.3742799193528,825.0
683.8020388874623,700.0
1315.5285316399668,1492.0
1114.6350425779872,1045.0
684.4578459564797,835.0
1044.0302091902856,1120.0
996.9906131230772,855.0
946.5830010329715,1044.0
958.7168097314328,1059.0
941.1565238267412,1036.0
630.5871758339957,675.0
1067.7074327166408,1032.0
676.6413589960333,714.0
1269.3797472768488,1506.0
1255.4525555965383,1502.0
1122.2671726084488,970.0
1123.4048088224035,1025.0
1320.998314271766,1270.0
693.4187023018302,755.0
477.1366001508986,575.0
779.5214007316362,575.0
1004.92046302506,975.0
632.8992538520502,601.0
1289.9844234273294,1210.0
724.9818981486319,585.0
755.9903867664146,771.0
853.9450083732203,760.0
1326.1813194184167,1195.0
884.7424826524376,720.0
1158.8650124100182,1170.0
1063.5599416642187,1140.0
1204.1386900224406,1190.0
1013.9330119932116,1091.0
1149.22049036564,1070.0
1239.6648430189975,1220.0
930.6357844546241,1091.0
1335.4008317982573,1600.0
1042.8410449516603,1003.0
676.1580067325923,698.0
1362.0501610444603,1405.0
513.784352351382,413.0
1283.4221273906794,1140.0
874.2708691474642,975.0
1190.4437030069346,1035.0
1009.0855459910484,900.0
715.3779223162883,550.0
1139.388970805659,1035.0
990.7669597620703,1010.0
557.2956490055321,528.0
740.7206366117024,640.0
1450.1628791967207,1430.0
1297.0033909227238,1286.0
598.8179886078424,638.0
924.7295001635893,865.0
913.9566614209338,927.0
1226.6972477877391,1360.0
997.3520060364958,837.0
926.8766550634829,1124.0
1193.5863154782635,1050.0
1255.1386687871993,1210.0
1093.4520587075726,867.0
690.9229445754177,682.0
814.9708958275993,1090.0
1312.792539369111,1335.0
529.417183804054,600.0
1115.451896157049,1365.0
1189.9233580365212,1360.0
1303.2906341054186,1406.0
1276.3998181994918,1235.0
1088.4385169151644,1060.0
770.2868983355853,742.0
1306.505790318383,1415.0
1052.35996135254,1065.0
787.1310859846221,882.0
1085.5628841495316,1100.0
856.9769340164274,905.0
1300.5126842182983,1175.0
1258.1365264162127,877.0
711.2135717410102,745.0
1256.0218745081552,1295.0
1098.6417433129589,945.0
1091.1709625394287,945.0
771.6403673065255,725.0
815.0280769190554,825.0
785.7123809101494,855.0
908.9482560428127,795.0
570.228633178877,675.0
581.3414761956627,604.0
990.8603220936238,1070.0
693.2716012689494,575.0
1146.0982590722067,1405.0
1006.0264783903507,930.0
1070.9568144869047,904.0
686.3300241120073,735.0
1086.715805722052,670.0
1136.9838417549881,1150.0
1139.757841998096,1265.0
1221.8907534017983,1370.0
1191.5594906855795,1065.0
1090.0000152496482,1250.0
620.294921698184,728.0
574.1822998397539,635.0
631.4844050817777,615.0
1145.6825765784008,1210.0
1279.8035173878297,1330.0
643.9956903985681,910.0
1026.073887778948,1547.0
663.5534088825888,830.0
1229.0666079664365,730.0
693.5787405700934,695.0
1358.6096346718507,1495.0
600.4376168292936,727.0
582.998080922771,795.0
843.4592935028783,1030.0
1269.054188697125,1445.0
1493.6532595503434,1600.0
1280.9602048742568,1300.0
1232.0333011873852,1312.0
1148.0970583013811,1545.0
1228.97264859791,1217.0
1178.906814575037,1100.0
1274.4364931920152,1205.0
1059.8907661395262,1050.0
1224.8239024327943,1640.0
1084.9901833731121,810.0
540.3533577388897,720.0
1145.018157421996,1345.0
1195.3332575037314,1290.0
1023.055763590527,1085.0
1379.6371643170844,1430.0
1325.4784931052914,1295.0
1042.2153941499805,940.0
1205.8789726382947,1362.0
1257.8708395752105,1405.0
816.7333608947024,833.0
1080.6351515345386,1337.0
956.2759118552857,950.0
1065.2378241780602,1150.0
932.4170326700915,945.0
1115.9210791875646,926.0
855.8493584639267,729.0
952.0848667904035,974.0
1086.117883653013,1120.0
743.9569132432119,755.0
1025.5536626643054,1075.0
962.6053786027674,929.0
912.5456727188545,985.0
969.1509088981121,904.0
1387.0377332879796,1440.0
1048.195549365924,1200.0
720.418970573539,632.0
1057.0866544813457,1220.0
862.6502038119947,985.0
1089.3254743206824,956.0
1369.8910751479746,1378.0
903.9505605093032,795.0
1223.4643813493858,1190.0
1166.4404730865301,1268.0
601.2390615672739,785.0
1443.5904101163394,1475.0
657.6651905986373,620.0
1084.4973955311395,1340.0
969.9107806513792,829.0
1252.9822455870737,1230.0
672.3001894131488,695.0
1107.8551052990824,1267.0
639.9191149182589,625.0
1433.8591110431398,1245.0
934.66907068918,1050.0
833.7578119791857,815.0
1227.6998004435177,1312.0
699.3072307456347,639.0
813.3623654423344,715.0
1169.265517193519,1075.0
814.6018032203734,1005.0
644.0840966379923,725.0
769.9736380250744,670.0
973.8680023660044,1045.0
916.7604473747756,950.0
1312.0864136067855,1580.0
1223.91061489087,1400.0
1084.26904243912,1179.0
533.058305842774,610.0
1104.4639581688405,1265.0
998.9572021597718,1070.0
1180.4879976953441,1200.0
1009.7722838460112,1015.0
1449.8801852426423,1395.0
1212.5087739623682,1090.0
1037.4489778394984,1045.0
1079.829824579048,1180.0
1115.6447209002692,1161.0
763.8028236280815,635.0
1299.662441550876,1415.0
1155.094525908404,1135.0
929.1569259251341,986.0
1155.7375298260688,1124.0
1244.58084657744,1300.0
1264.0219847813112,1055.0
648.9417308432288,525.0
1147.830119688622,1175.0
977.6668081843424,935.0
762.6085136244905,830.0
791.2212170913127,750.0
583.2130904901906,745.0
1347.1462517193663,1205.0
1350.591482836853,1295.0
1158.319251675767,1100.0
1086.5663581732138,1120.0
1118.5287156433565,1100.0
1240.138630410342,1035.0
669.1951281231584,730.0
1291.4648463498252,1270.0
570.4107309174907,710.0
860.3641435239891,960.0
800.4070230340976,750.0
1223.7523887974155,1380.0
1096.7412405009686,1230.0
895.7122864935358,993.0
1003.9842666021399,1130.0
1420.4983205120134,1490.0
1235.6495121914718,1281.0
1068.4494292808388,1320.0
1183.5523748648654,1135.0
1288.0215079477223,1220.0
1140.4486900884758,960.0
656.7445227266152,723.0
1267.8786177651764,1295.0
680.1942720546232,835.0
1111.8116413081987,1160.0
733.3599765351318,725.0
1296.0514883527076,986.0
1161.0216592806087,1130.0
629.7958798231348,682.0
989.8643574155058,926.0
1067.2621225078612,1030.0
1014.3300835056629,937.0
912.2084461543233,800.0
1013.5984924838211,1295.0
1167.5733704882684,990.0
863.8881938164018,1020.0
1143.4739458459135,1405.0
1141.6343921770583,1335.0
821.3639662565932,893.0
1428.8034699605303,1665.0
1002.5115458809269,985.0
705.1281513620319,765.0
1011.2827007192591,1298.0
650.6520509485885,790.0
872.7487727374731,900.0
1091.5191528587573,1060.0
769.415765933412,748.0
1401.4792748613943,1430.0
724.9724039094341,785.0
768.6364464453776,931.0
682.8642454839173,640.0
704.0287555782993,788.0
643.2562242182438,595.0
1315.5200252233878,1180.0
651.1379439163533,475.0
703.7076826881522,790.0
974.2978913724546,960.0
594.4328388210736,725.0
1051.3797786995935,1260.0
844.3264593525164,880.0
908.4564736155367,930.0
1100.1503842603897,1085.0
1380.2044991563262,1440.0
1130.4049950283581,1055.0
749.7131101725768,710.0
956.1541086250633,893.0
1412.3378809940884,1410.0
937.9165951357463,951.0
1422.3769385255955,1275.0
1268.6534671323222,1210.0
1062.5810956727782,948.0
593.5267591931039,396.0
1351.5068688788538,1436.0
1225.3550990886404,1100.0
1257.9432173589846,1179.0
787.6161880925788,934.0
1220.9098329281187,1150.0
1238.4398480908355,1140.0
883.6140428852485,926.0
686.6449693794349,634.0
1272.2035917977678,1400.0
607.2357683579343,583.0
1219.6896549234316,990.0
656.9393386742405,725.0
1315.210770329251,1205.0
810.430733315263,765.0
676.8823709572777,645.0
731.6594178035367,715.0
1232.3265389792962,1070.0
1484.3430502204717,1450.0
850.096655878389,740.0
694.8739903244591,735.0
584.0559799367187,595.0
711.8843363358824,790.0
1246.6067983492776,1235.0
1266.2169132103363,1365.0
1138.7899418993682,1150.0
1137.0552404720947,1020.0
1150.3400682138488,1045.0
681.3357657904245,643.0
1030.516110732823,900.0
1261.290414057208,1363.0
1063.3724204216471,1367.0
1379.7642779602404,1415.0
1159.7125775103855,985.0
1031.8765311854522,1010.0
1166.1417262694602,1255.0
1258.010293594578,975.0
1220.7003905485942,1190.0
1263.342820646074,1286.0
640.5032843427404,830.0
882.4566414643524,871.0
945.1843754612415,937.0
1143.7384349247513,1500.0
1319.619439244979,1325.0
778.6552657438724,730.0
1138.5222435405349,1290.0
1199.1690285512025,1250.0
717.1223879303848,620.0
816.2508697946932,745.0
1315.9207788437657,1205.0
1505.5298463563875,1360.0
1256.8588083979046,1400.0
1172.107204457037,1110.0
1115.5422313467486,1305.0
645.0210572178071,730.0
934.0218747825952,998.0
994.5758160504178,1050.0
760.9849191222503,560.0
985.6680828732159,1060.0
745.4532610502496,598.0
552.1067110871082,555.0
1105.3901221565993,1126.0
598.4587379805209,525.0
537.0260800231696,609.0
798.9608004270749,785.0
1196.6552529756475,1130.0
1031.0913561673196,1205.0
1185.7956789719035,1275.0
1045.4989927464192,845.0
1076.494823313884,1085.0
1035.0585427746723,1092.0
1415.3797878210487,1390.0
904.2977778809432,1065.0
767.5349324274179,742.0
1317.419384464068,1200.0
1138.2596281298554,1370.0
495.9581844968118,400.0
1288.9851777576253,1260.0
1346.8234401582733,1310.0
666.081553406501,805.0
919.3882984257107,955.0
633.2410813276712,700.0
707.0789511274185,610.0
1316.674378391636,1190.0
1324.4367548918353,1331.0
771.6882785854632,850.0
1060.5189778838703,955.0
1224.3224959806637,900.0
1322.182703316596,1310.0
553.6549894637178,585.0
759.967688631683,705.0
860.8356465287064,685.0
601.7161214311117,515.0
475.30456543169197,500.0
1168.9787061986988,1385.0
1290.8625680312366,1135.0
1246.2283484714437,1510.0
1040.0368962330306,910.0
1118.0043672531751,1170.0
795.3450568907509,755.0
1020.3158503336331,1210.0
791.3795750070605,705.0
1220.4700899635302,1250.0
640.5373678111926,620.0
644.4160652438621,626.0
1122.7833961431413,1235.0
1260.160997656869,1500.0
687.980618385458,925.0
704.4677039037407,680.0
797.7623713065906,908.0
1319.387943211621,1480.0
758.8633225024834,650.0
1294.569492449685,1270.0
1136.0530697415502,1160.0
965.8331872116083,738.0
809.5000850409616,790.0
1265.2977277188515,1350.0
1292.941721630969,1380.0
687.2258076698045,690.0
914.8116080451188,885.0
1136.6476532265963,1090.0
967.981083025294,905.0
1103.3389518113315,813.0
1326.8265599067006,1385.0
1065.344825820928,1000.0
1086.0070834760736,990.0
1020.3440740050454,1100.0
1055.2619935861073,910.0
1056.952167139678,1090.0
865.0230290276135,876.0
713.7766879476145,670.0
709.7966002824543,675.0
830.3760604931963,810.0
1400.723179663949,1390.0
733.1456941790899,815.0
1022.3271347722833,880.0
1187.8454881201355,1015.0
1442.9527290533206,1240.0
707.9150256195784,725.0
689.5126940838422,666.0
1111.970459068432,1250.0
1000.9259079515859,950.0
776.935969228179,765.0
1226.6316306510969,1015.0
911.6969422479789,1015.0
602.3974771911024,655.0
1019.6997606533083,1025.0
878.1580948273277,840.0
1188.045775210022,1245.0
1158.239349772404,1315.0
1062.8013725240198,1164.0
721.3872074117644,675.0
1084.245098794252,1168.0
1187.543970981292,1280.0
1127.8959377729773,1110.0
1137.091542587161,1105.0
874.5884974046024,835.0
702.575913128112,440.0
716.5112377988904,707.0
1022.9196270349895,1070.0
1334.2236007453419,1340.0
1145.0204915436282,1063.0
1001.4410554606305,750.0
1031.0097167721035,955.0
548.6944395739555,475.0
972.0955933604502,910.0
1208.8205828337889,1080.0
908.3746144115688,795.0
1150.420601551967,1241.0
1147.4176696542056,1115.0
1224.3435096537676,1000.0
800.6574866865359,945.0
670.3972946359501,580.0
1054.8838371831273,1195.0
824.3282150717328,900.0
1170.7684962694957,1000.0
1024.8659801943838,995.0
966.8187667168954,925.0
1052.7812481774247,1155.0
1135.3718471697491,1003.0
1268.9604146723145,1455.0
816.5648303721591,958.0
1286.1672425207428,1300.0
527.9825268102323,470.0
1278.9449530319055,1090.0
848.5194766466653,800.0
1109.163691062514,1110.0
1209.8935242735179,1245.0
941.4740501171535,825.0
1307.1382140352503,1320.0
1033.6216404327843,1090.0
733.4359844604401,700.0
970.2439054885895,960.0
721.266656748478,675.0
1298.526267877921,1205.0
905.2085913862693,880.0
772.7364186276351,630.0
887.0517596529799,975.0
1106.716926245679,1060.0
852.4665026988501,1030.0
977.1551239504439,880.0
508.014849000326,445.0
593.7357755430975,545.0
888.8001322028064,460.0
540.7491811718409,583.0
1227.97633621016,1325.0
1211.2342194067605,1095.0
1050.5210140073266,875.0
970.9957561364137,870.0
773.6486339046058,640.0
864.2188160417709,850.0
695.988873597883,700.0
735.1752637549592,760.0
1356.9890464623315,1270.0
989.591405563495,889.0
990.7059895087937,935.0
1096.4395947150633,1409.0
1190.2270897605902,1285.0
835.9174674733621,855.0
1058.0129911517458,970.0
1125.3342290161686,1220.0
1296.5315176644865,1715.0
678.1283977728995,675.0
1101.7064105157972,740.0
612.8119134822638,637.0
575.6485021193138,590.0
785.0598143993794,734.0
591.2971465701172,535.0
706.6917145355678,850.0
1178.6062114593678,1080.0
1152.259478185763,880.0
620.3695607519161,595.0
1223.614070000014,1397.0
1384.7727057227148,1294.0
1256.8732572984322,1119.0
822.6351129787014,974.0
725.327138670392,822.0
1315.66260561338,1315.0
1395.6013029815365,1355.0
1209.4859725789295,1080.0
818.9746597596001,885.0
1247.5270780939134,1175.0
1370.742905599306,1405.0
1185.9139696867044,1140.0
1294.5018931852821,1360.0
1344.4113718421115,1120.0
967.6618032117584,1050.0
1226.5514182674212,1010.0
665.5323887765396,665.0
995.2282887480501,1055.0
1382.400677832672,1500.0
1190.5901101572247,1320.0
847.540815490497,1020.0
1056.5066677839047,1070.0
693.9040807407549,665.0
922.4250500396728,1135.0
916.9981243396347,955.0
864.4689318144252,934.0
1023.5184028196248,890.0
730.0793622177779,770.0
628.5476507688157,723.0
1236.8776853765469,1230.0
877.7385620841123,830.0
1037.5718211490414,1070.0
1281.612691329516,1296.0
1142.7799604559966,1367.0
1280.2132058001073,1250.0
1126.645181338051,1250.0
1124.9981083167897,1080.0
1349.623398526937,1410.0
1299.7146417589047,1205.0
1270.5859450264436,1440.0
978.9206299540427,870.0
1184.5877107962765,1380.0
1386.4774573140887,1240.0
1159.9282685464725,1045.0
1085.5014691447175,981.0
806.1871988604653,812.0
1058.267510694479,1060.0
606.0437635939877,605.0
1401.109804601051,1590.0
1378.1297144072253,1480.0
894.4861690023002,810.0
864.7051701301804,980.0
1112.4022769574137,1020.0
796.546664306924,735.0
1110.3301703358954,780.0
690.3425956595994,670.0
509.46721573078963,565.0
783.1847879210559,835.0
1305.1262162878136,1370.0
1361.7180561900907,1185.0
524.282351320089,425.0
670.532873217682,755.0
1168.6791198211306,1260.0
830.7663077201315,890.0
949.3565813574623,870.0
1280.4586752952625,1160.0
1020.0935723702413,980.0
1279.9629588756427,1346.0
1143.2755212147665,1202.0
1386.251167602307,1520.0
631.8680408972385,585.0
999.1048836656165,915.0
1150.3449054225568,1215.0
651.4569972135606,450.0
855.3922616577711,660.0
1006.0268641875878,1030.0
812.3698061279516,690.0
717.974292831314,848.0
829.0997166769934,823.0
989.9312155245648,920.0
726.1628988187011,665.0
1423.9710513468199,1400.0
673.2502221435822,590.0
735.9898174771024,745.0
684.9296586342979,546.0
624.3615550650476,690.0
547.1161486332963,460.0
498.07836360025925,350.0
785.5440704321877,760.0
750.6588745809332,782.0
1269.2723737055878,1120.0
1120.2903143899432,1190.0
1303.7507724803118,1230.0
1027.506402550334,794.0
1042.843320274205,1100.0
1358.8987416874645,1530.0
694.077441020388,710.0
705.01338555237,680.0
1146.1054751660606,925.0
1229.8562566426324,1225.0
893.103511005461,965.0
1472.4381734822925,1715.0
1041.476984408763,915.0
1236.0407747749903,1095.0
1159.9003369741906,1120.0
658.1579269395986,610.0
1289.9482497743522,1070.0
1000.1300559859714,1171.0
1324.4732306420299,1530.0
624.9621319317819,561.0
750.5613307271673,652.0
1210.2523611381296,1270.0
1003.8067755021334,1170.0
1054.4946865796467,1120.0
1306.6071901170294,1260.0
914.7372356316647,925.0
761.4281536809902,657.0
1130.8364993278835,1260.0
1213.3449746443753,1360.0
1189.2146444803245,1215.0
1353.204597867077,1422.0
990.8306636333117,600.0
909.0703219862689,960.0
1006.5366287256028,1155.0
955.6183849092735,630.0
1028.118706752308,1100.0
1292.0696313511557,1280.0
1089.468153977757,815.0
1105.1671155000588,942.0
1112.0513002198354,1070.0
1232.574612456826,1380.0
1264.339718815449,1120.0
1209.4708998889548,1230.0
1251.713621939434,1425.0
922.2077801456684,1010.0
954.7204989106784,904.0
1211.1212741276606,1325.0
1419.3455149999443,1298.0
490.58779864524394,500.0
1218.419658400892,1275.0
1182.9121073071203,1150.0
553.8640034564467,555.0
860.5175424355238,725.0
1328.6343225292794,1265.0
1060.4127470608419,1025.0
740.0552546841697,770.0
989.3513290917186,1069.0
1323.6278333901932,1284.0
848.0727032368594,798.0
1134.0205301237972,1085.0
1318.722072504494,1425.0
1026.0533394678744,950.0
527.5217812897542,550.0
1221.8367593878231,1260.0
724.2099988859896,695.0
884.7256992917188,930.0
1322.084410391061,1279.0
742.3013478319335,675.0
1262.6957055956693,1120.0
1131.4611883629207,1260.0
1288.36349639947,1218.0
793.8335209924459,745.0
1210.7155312756665,1045.0
900.3288572903849,775.0
684.7358107137179,715.0
1028.2650134986877,1124.0
1137.5408227817495,1200.0
891.9538282402578,639.0
1327.8478309242855,1290.0
901.952486983024,885.0
1387.8655457997932,1610.0
1250.7604462493612,1341.0
1084.4728191745662,980.0
682.713627752998,810.0
695.3818750039559,710.0
685.925712984944,650.0
1390.7059617088244,1350.0
731.3698535563614,630.0
1175.250087042544,1080.0
623.2747851908274,755.0
1322.5108342142148,1213.0
1127.6136645006309,1040.0
837.5059617102676,959.0
1181.8946112240376,889.0
1167.2315681043997,1095.0
987.9852311224113,1051.0
682.2026561601724,730.0
714.1647938117229,565.0
1070.2188715062518,965.0
1050.9137269493876,1306.0
716.6623379577458,570.0
1265.4533104615487,1240.0
1453.0509917252248,1400.0
1314.236489506057,1380.0
1145.9238415492962,1150.0
1474.4763459037358,1540.0
837.1053573704954,955.0
1065.6335482469299,1145.0
1093.1153652331498,1251.0
1180.5163232060397,1010.0
1182.8830710921231,1091.0
711.5393711148673,735.0
607.3328063781865,616.0
1212.6021134287428,1170.0
1417.7086212779259,1310.0
1043.9883773505417,975.0
1005.4577317968577,1100.0
976.735988592146,917.0
724.3321840196016,720.0
1398.5813233871277,1410.0
975.6317667265448,1160.0
1033.3876981649657,1132.0
1339.5541472948514,1145.0
1055.9156223285852,1200.0
914.8630835158341,871.0
1096.2712592374887,1030.0
1155.828528668327,1345.0
1136.9339506638523,1225.0
1053.9432182833073,965.0
1082.8219191138792,1100.0
1371.7615627354253,1590.0
977.0287594178103,1075.0
1086.2223165424036,925.0
1351.0154263215084,1515.0
759.5341149874243,677.0
540.3502920988675,495.0
1211.115846235595,1115.0
812.6836629663067,826.0
1134.52845485366,940.0
666.4326167545197,530.0
1166.0273461676927,1230.0
1502.95921555468,1340.0
1088.6037049343613,1160.0
1125.311654008374,1205.0
609.8452994697838,712.0
1292.6968787370304,1270.0
1147.1555262600218,1030.0
1241.9706024365835,1310.0
684.9308084336946,681.0
1188.5803034245403,1245.0
920.8886675205539,925.0
1516.3880789385203,1795.0
1203.737752138824,1200.0
640.6998074201149,735.0
1138.4642039277069,1015.0
810.6958215386599,765.0
994.9072814688388,980.0
818.3588606918875,880.0
1126.5198976500747,1160.0
1211.7606809389015,1170.0
1231.0037666682645,1050.0
564.0198639979177,485.0
1206.0847047030215,1555.0
1134.0521072508336,1081.0
1116.8145617300247,1100.0
1362.3583393630859,1315.0
1342.5246887499588,1565.0
1058.7679727869713,1150.0
1069.3381493789395,1265.0
581.8623746827682,561.0
1249.4441784655012,1430.0
1189.6509357995897,1365.0
1377.9143900364309,1580.0
731.9390236642981,875.0
1223.5998397316982,1110.0
1006.6198615130953,930.0
698.0796501633932,741.0
1320.6660070436203,1292.0
789.259255572229,650.0
1329.9059781698782,1110.0
1053.7284973766868,1075.0
790.6135884190011,875.0
1121.627097407124,1060.0
762.8690149966911,640.0
1352.2696229439457,1225.0
1221.0514464055261,1279.0
1097.9689030499612,1307.0
1295.158000432373,1275.0
1042.9967168679996,1100.0
1139.6579806414375,1085.0
1133.4232680127013,1140.0
1135.0168875415395,858.0
647.9130399780761,625.0
1017.0620040745771,1045.0
738.4336454927565,800.0
1352.2472407141179,1290.0
1424.035368590179,1190.0
752.3323697941546,895.0
1240.4305197547687,1160.0
1128.9636993300107,1330.0
999.4359758235914,995.0
917.9642295133399,800.0
743.3791120657762,722.0
1171.3088004327617,1140.0
983.6871108470176,948.0
739.1320872581724,745.0
1361.5981141606956,1200.0
1256.7801347972184,1440.0
1286.5601318289043,1058.0
921.3295916146202,1040.0
958.0444568737485,885.0
777.870405025411,790.0
1047.1132726709661,960.0
1022.5499759183996,1125.0
888.2727344601439,1130.0
1342.8572231421444,1202.0
1185.3242921521014,1160.0
972.172601391982,920.0
654.4241988951261,535.0
1109.9954878531641,850.0
604.6217892487178,625.0
1272.962266432951,1290.0
693.8934620613587,775.0
1257.1864945028456,1185.0
712.5498145872693,695.0
1060.0791092359184,935.0
1110.8665950360532,1240.0
987.5367440830281,948.0
935.8482424409268,915.0
1041.0369315418372,960.0
1107.3913401199686,1220.0
626.1785372174628,710.0
1101.6602017753676,1030.0
445.0227116887144,360.0
664.1111610974148,420.0
1059.6116545008988,1340.0
1057.4028131356247,1195.0
1244.554856273354,1110.0
1308.6719815302654,1376.0
1063.0209253864505,1162.0
682.2117845591114,580.0
1004.7497534909056,840.0
1304.1322313755836,1525.0
1296.4833662987114,1264.0
1021.2504272217338,1070.0
946.2738587152304,1048.0
674.6702507007188,705.0
605.039460433945,500.0
633.24214519755,690.0
1031.5594801458476,1050.0
544.9233460985503,590.0
804.1184962301892,535.0
1146.2481387242103,1200.0
681.9768708004137,871.0
664.0502526577905,690.0
563.9732530359033,690.0
1061.7648284565819,1190.0
1040.2963413388356,1150.0
1170.315441160891,1295.0
1131.9707119298007,1603.0
968.4019240746353,890.0
971.1013110443365,945.0
782.5708994109881,792.0
1300.8879431722933,915.0
860.2704240906882,1025.0
1098.6855706817876,940.0
573.4559516681412,515.0
651.3358160274007,703.0
812.6850798581189,875.0
719.3988074032358,530.0
1098.760802493436,1047.0
675.8783082945332,620.0
1189.073034706226,855.0
650.8622634503338,650.0
1040.946157549014,1070.0
1170.8070111980828,1385.0
880.6652018370378,845.0
1026.9368475185959,1177.0
1005.1969326564528,840.0
1025.5124442015153,1045.0
1219.267753732983,1130.0
1121.943701715293,992.0
1344.7714148104892,1265.0
1292.4302093734905,1310.0
660.2784762705328,755.0
989.1998382453585,945.0
967.8225349046319,1010.0
1057.4273145227155,1110.0
805.5742130629969,750.0
1066.4251703913794,1200.0
1132.3894046712915,904.0
658.4446113498492,535.0
1215.241701624368,1398.0
1328.009689438052,690.0
813.6865991583255,935.0
1274.4209043693077,1375.0
1115.4832764328705,1070.0
949.2873128804354,462.0
620.7085522714788,570.0
1278.1893897991224,1315.0
840.7347737163859,685.0
541.5594447503357,580.0
995.0222281094858,1050.0
1317.70592704992,1260.0
1057.1382800994065,1040.0
630.6395109448989,440.0
1153.2885626186471,1080.0
640.2711858645497,527.0
779.8919959208139,750.0
844.3296017759881,930.0
1140.4083478982561,955.0
1063.422536015826,1135.0
1066.5865662437052,1210.0
974.7220204103977,1140.0
570.6747574654165,448.0
1128.9490262407683,1010.0
848.183126500399,985.0
1122.3989611101717,1140.0
706.5441839112963,722.0
615.1762586833581,500.0
1131.2489275542341,1169.0
1292.047424037507,1215.0
1150.3863848611365,1140.0
817.0865528494201,865.0
1201.5593453961048,1201.0
667.6479239786107,590.0
1016.952878023858,760.0
1076.3311094089586,1145.0
593.4346697769632,620.0
1331.8403671037715,1125.0
801.9918705476485,780.0
866.9024267634405,710.0
923.6074775955464,981.0
700.0160588350087,790.0
542.5518219850634,746.0
618.0732529707742,515.0
880.9138068254075,811.0
997.3719351899996,1010.0
1204.2243578213643,1320.0
644.2391883581903,765.0
1067.9252069155825,950.0
694.9807662351337,605.0
1101.2186053471871,1305.0
959.0265701090387,1120.0
1173.9527228118388,959.0
986.5597568898379,1000.0
617.92966436869,550.0
835.2053969824279,940.0
885.128250910439,610.0
611.7189854589288,710.0
999.0214379267869,1045.0
893.1342981831662,930.0
954.1946856719919,975.0
1138.4027990260256,1370.0
776.1296747041021,805.0
1187.2867045629416,1250.0
543.608494780666,490.0
1272.5163235399725,1275.0
705.6322536108023,594.0
1092.3807359441355,1257.0
952.9593380042625,1080.0
735.6423702537239,695.0
1223.7442704394268,1282.0
519.4131566785537,355.0
726.5734042840064,755.0
917.6179274484567,940.0
1046.4281105481684,990.0
1341.1266945911711,1250.0
1101.0932791538291,945.0
774.0232371207472,661.0
752.2518890184897,840.0
1151.4358538680267,1430.0
1248.6630765557654,1345.0
1167.6470791860752,1305.0
960.592128138804,945.0
944.0589066584215,930.0
759.2827299358893,780.0
1171.1920147105404,1365.0
1341.2766708268343,1405.0
566.9873993848402,515.0
883.2665733392613,780.0
988.0934921393583,727.0
1255.3395313431045,1091.0
571.1903660491137,550.0
1236.66155926189,1370.0
1011.1884483465169,1000.0
1138.37413404128,1050.0
1024.0214222817956,900.0
1002.5610884306337,892.0
766.0357503626756,840.0
1275.2216454534948,1125.0
1395.725760258172,1605.0
1218.295093709813,1065.0
1126.6881170242266,1140.0
1210.5977110134206,1190.0
1134.4502136947563,1223.0
799.2232887456324,730.0
1278.832810832976,1160.0
729.9913748938861,549.0
1368.6702474680803,1355.0
785.1455148841109,835.0
664.3124563029712,741.0
637.3176018170019,606.0
1062.6708687009793,1075.0
1232.4933472002062,1262.0
622.7161623985043,676.0
1145.8218448265536,1300.0
869.38545231128,590.0
696.3815847658267,776.0
1036.4447054709478,1058.0
984.4774041500119,890.0
580.3174801774669,790.0
1251.1737025585905,1270.0
1313.8746161922188,1520.0
1463.013104034283,1555.0
562.9244063628186,560.0
1334.6203524824011,1320.0
1169.7684320510423,1260.0
860.2914297252152,875.0
1085.7228406291802,930.0
848.4804756369148,893.0
982.1454147185227,1000.0
951.3267101811431,1005.0
1069.0093245727874,1165.0
1099.6521974715731,1110.0
1174.0612102488767,1180.0
953.1531524719902,795.0
1092.9660972939962,950.0
1188.5439675494313,1251.0
819.3144998864905,745.0
1222.4987536027018,910.0
590.1743762677407,699.0
1465.156268286315,1655.0
973.3487981326804,992.0
1234.5622092011329,1360.0
1104.760560733179,910.0
930.1598926892967,1025.0
785.2496290161484,740.0
1138.2729822400725,905.0
697.5135480558682,640.0
1255.1500208107448,990.0
668.3469064645241,720.0
699.6896704520585,840.0
1169.17399915468,1460.0
907.1239878601508,880.0
1207.2326693857815,1015.0
887.322112937552,1045.0
1116.845650877083,1175.0
695.9939490161881,885.0
1038.884015927908,1240.0
1013.2916228651649,920.0
1276.3056863715844,1340.0
1238.4411748118393,975.0
769.7006861239388,750.0
1075.6222195510593,1195.0
648.2323671972005,545.0
1230.194654764552,1368.0
1313.5906704637487,1210.0
588.0723811817738,340.0
1232.89468506732,1170.0
997.3112390665888,850.0
1236.289488571225,1295.0
1167.365990222376,1415.0
1229.015220042753,1435.0
962.8342872446277,992.0
1034.5840588557219,930.0
936.367564868952,1146.0
1157.2456817776724,1370.0
1436.7308117395905,1537.0
1081.1427629759205,1110.0
989.69834320549,1008.0
805.6357549286478,639.0
567.4444781434041,775.0
688.4596962255224,680.0
997.3174762190947,1070.0
759.6112869267189,810.0
1325.8898061205743,1185.0
724.1443195612369,940.0
906.5328962406942,910.0
1205.0427346891388,1374.0
618.6489911931745,639.0
841.1582080694284,895.0
1134.0217639493046,1145.0
834.095352724154,435.0
1461.953635426342,1435.0
1112.5246312957295,1160.0
1083.9897617666072,1140.0
876.1861997723154,860.0
1141.8255238909503,1185.0
1058.9525679536077,1030.0
1096.422428249263,990.0
491.2451342190457,605.0
1070.5202488611426,1040.0
1007.1811393718472,970.0
1121.3248256830782,1276.0
779.7692269478206,700.0
541.9812259195156,530.0
1150.078037914093,970.0
1359.4503333724163,1290.0
951.6869799533251,575.0
1183.1685804602132,1340.0
1294.3837460264429,1370.0
1066.2980650682287,1035.0
1236.6980017526087,1145.0
1219.2103328240428,1120.0
1037.0279776606228,1215.0
1339.5886864694787,1510.0
1052.0730760196373,1110.0
1032.9270693344697,765.0
970.4148199050798,1280.0
779.3059801140671,710.0
1132.9590928682167,815.0
931.8846100387831,920.0
792.0176205586358,700.0
1308.4464933400889,1113.0
753.7433208401171,660.0
556.3878237519393,583.0
1265.761309375224,1110.0
964.0972091942682,992.0
1320.2124785764772,1280.0
718.4147526993539,615.0
678.6900380251409,539.0
664.8527657498164,700.0
1414.1628151556988,1400.0
812.9597085223683,815.0
1190.5714361065525,980.0
1113.0784127091717,810.0
823.7332120057054,835.0
1146.065363729718,1120.0
1196.3993913721667,967.0
974.1134966402809,923.0
1252.3813280731172,1305.0
1178.9644047270424,1246.0
1214.9067891860286,1415.0
1143.924635622143,1113.0
642.462966537108,560.0
1168.0072437212968,1006.0
1338.1242485122891,1601.0
1115.9683111502657,1192.0
1086.7125774792082,1030.0
1050.8260746666717,1165.0
718.6598496837454,723.0
693.2897890832843,515.0
1399.4436399467722,1482.0
935.5214476351968,775.0
1065.8966910803642,920.0
959.494541873485,860.0
1325.48533342833,1280.0
1492.3362179556427,1200.0
676.6070149268721,700.0
1218.7292537130013,1025.0
1199.988930918916,1385.0
685.8633069829363,815.0
1164.4543159879993,1110.0
1187.6368072888379,1035.0
1237.0841539852734,1255.0
691.7436286288079,635.0
1244.3117258374766,955.0
512.3294543217698,560.0
1275.9030884694703,1142.0
1187.8219341884642,1320.0
1121.6417505007432,1070.0
1092.3912655689571,1035.0
686.3181830445851,666.0
1050.6027266460549,1175.0
862.5803048549533,775.0
1435.8930340279112,1450.0
1180.4911569889528,1070.0
1155.9086434638891,1150.0
633.6206194933429,446.0
1022.631128215561,941.0
979.0551160050177,920.0
868.1244840748282,770.0
993.7073389060635,785.0
1444.198678267242,1595.0
643.1709496216959,565.0
1034.6628311528423,1105.0
1376.7943167219644,1370.0
1261.6427696372073,1225.0
1316.39449021427,1465.0
929.3973704243084,715.0
1214.971489140182,1385.0
1373.9256330221517,1120.0
938.637179534801,789.0
1273.6440878472806,960.0
1048.798284956907,920.0
769.6030805546028,723.0
813.0758592758189,696.0
879.9564722029655,966.0
1324.093539596456,1455.0
795.8542725709307,990.0
744.7798546155427,770.0
1245.4095959324816,1100.0
1255.400864217472,1265.0
1001.6010520929434,850.0
1162.5050424554236,1205.0
597.2866162747673,617.0
905.6012346938929,990.0
1299.3161390019893,1153.0
1149.715303868359,1290.0
1217.8861481619617,1270.0
857.1581964819247,990.0
1217.5247845468568,1265.0
1132.627411958358,1005.0
1056.6013086769524,1142.0
632.8585849131456,645.0
949.7013891668477,941.0
1052.8578157633253,920.0
1254.7486580073917,1350.0
615.2239449577478,550.0
634.1114161300526,731.0
1134.0220996931357,1235.0
742.1852723649894,730.0
1176.9312177055306,1032.0
858.1981727331076,1015.0
1279.8816173643493,1151.0
1198.3841322906721,1280.0
1229.5476787457205,1105.0
631.3527888731713,585.0
606.7398888583382,633.0
769.4673835873695,765.0
1193.4577744418423,1225.0
857.2716045432791,904.0
1251.9421506970768,1290.0
1245.2639331849293,1222.0
1127.433494221029,1087.0
1076.9264091398493,1030.0
649.0412036875758,769.0
1315.1798217293347,1435.0
1011.7356273757928,1055.0
1135.0062695927945,1335.0
1449.9771920841242,1225.0
1360.5762476641955,1280.0
803.5187154774003,757.0
830.3326619458993,911.0
1109.7974656443791,1220.0
856.0125665341155,760.0
1263.1782537914567,1240.0
1033.4650712603486,876.0
1114.3078282381846,1280.0
582.3515563245567,650.0
1171.353321831705,804.0
1104.079346934627,1070.0
1140.7892867034977,1225.0
1106.0431897544286,1205.0
1265.9876915269392,1440.0
786.16838873307,915.0
455.4535926900879,472.0
1109.7331550635654,950.0
1116.8736451700565,1146.0
648.4681005760381,675.0
775.3215338499972,726.0
1149.8238890297296,980.0
1279.7297323580697,1260.0
1045.0706462100295,1100.0
1237.0776107642323,1070.0
1307.0103579165468,871.0
1196.8007626163435,1110.0
1032.2752700526787,865.0
1307.6538507060525,1422.0
1178.564676729972,1265.0
1036.5491309188503,1400.0
1240.564070188658,1420.0
1150.136214798951,1075.0
1398.533804297216,1467.0
1141.2353644402099,1120.0
728.0488216500657,683.0
1299.155489970925,1285.0
1140.7270627265334,1135.0
1134.0525481943023,1240.0
1120.9653146918063,1090.0
724.098248882519,966.0
605.6302875261091,690.0
1090.750535444952,1500.0
1109.8939330560324,912.0
1155.5913256942365,1040.0
1069.37495225093,1020.0
1268.7113164605612,1291.0
1274.8057513928786,1375.0
1003.7822334466846,1147.0
1201.735387527341,1246.0
664.2713530001594,645.0
1362.6766359566507,1400.0
1268.865566864489,1240.0
1138.9167886067669,1102.0
958.8501198076661,745.0
1254.6537093297995,1334.0
670.5698745445853,500.0
477.1475789611771,440.0
949.2646040761011,735.0
996.8033569913515,1125.0
697.3355754650469,751.0
1315.9560090461555,1550.0
585.7318084225803,705.0
657.1094371923753,661.0
1267.5401948949666,1160.0
693.990909989048,795.0
955.4932502573589,1190.0
1212.220199072737,1110.0
1452.374776859636,1405.0
627.5741910651066,660.0
707.2040232647452,710.0
1098.8800882510327,1000.0
738.2321730198097,575.0
1262.6827561318667,1125.0
1446.4732388894238,1330.0
1128.8339250508855,1320.0
674.511353542185,600.0
1285.5670007911226,1230.0
1081.516420462495,940.0
569.4927878391355,570.0
757.5105816161966,785.0
1145.9310503965341,1260.0
1094.3864696935843,1210.0
526.2376603760259,521.0
1075.5031058742074,1000.0
1320.595274544466,1705.0
671.0412832241715,590.0
1151.2663596853304,1220.0
1218.4849059729254,1465.0
986.2604014557837,1090.0
1103.9858010767423,1095.0
761.196243810231,810.0
661.5099050081792,605.0
1004.2871172794372,615.0
988.6483179695729,948.0
1068.232617624148,1060.0
1015.2294880007888,1015.0
860.9658369758894,1000.0
1009.392777425816,425.0
1121.4970925140933,1060.0
1231.7111506913213,1185.0
1308.7693690915619,1325.0
698.1973588006277,790.0
1276.055118160847,1295.0
1277.423773411921,1147.0
1155.4443425303996,1052.0
952.2941534443415,880.0
1182.6321991108846,1255.0
1099.9338898540855,990.0
1280.6141877718499,1230.0
909.9204020957122,1053.0
795.0369884168107,577.0
1021.3489017252587,880.0
1127.2620188125256,930.0
999.881949102659,980.0
741.7210335525428,885.0
1307.3938355071425,1230.0
1174.62787747483,1100.0
1047.1323930456695,1301.0
1179.7265516126943,1230.0
1353.9196126655336,1410.0
887.6243807421779,926.0
835.9343368042572,798.0
633.994171598896,678.0
923.4377608942136,965.0
1265.3211383431374,1220.0
565.8110094080675,640.0
1120.226443544457,1095.0
664.9540857899536,625.0
1097.9072343663388,1102.0
965.3873232066085,1010.0
1367.8090926782097,1370.0
1341.58942613997,1475.0
1394.6091744920095,1380.0
1039.4741430460415,1047.0
1381.3702110900683,1515.0
1178.854899885188,1150.0
1088.569799612683,881.0
1186.1621867712809,1180.0
1273.1567841439858,1285.0
1083.6950392010915,935.0
1188.92676921407,995.0
1091.098774556569,1120.0
1272.5766813731973,1310.0
1062.5452570854982,760.0
759.9659816214538,540.0
1066.264768652832,1190.0
994.5175200341401,840.0
1016.4263301843079,1145.0
1112.8570559026132,1422.0
817.6652588150306,920.0
1285.3925246715264,1240.0
945.2639854656535,906.0
934.8312725024522,920.0
666.1173202508569,625.0
636.4679584872327,470.0
925.5558105318934,960.0
1078.7055889009075,960.0
964.6704550350595,1025.0
1342.696787053859,1320.0
1106.9010707682007,800.0
1069.905782541353,1288.0
529.5374299762899,605.0
1393.162914076159,1480.0
986.573802080744,1205.0
1047.3945705251288,1154.0
551.3745902482724,505.0
1018.8021055975308,973.0
1111.2509242955666,835.0
1096.919620288071,1038.0
1062.020915463312,1080.0
1323.6386635592798,1460.0
971.0962810310483,890.0
876.8471109522911,1018.0
1203.2764577294204,1359.0
1103.5911524005185,1085.0
1162.6471635493206,1457.0
1244.167484668491,1290.0
1291.9356904542212,1600.0
601.5711451325687,580.0
773.8733289733555,840.0
859.5733497561882,794.0
718.2867313407672,608.0
1036.115460486667,1084.0
1107.176342242992,1285.0
935.5283137042323,1025.0
1005.7450055353496,1045.0
1332.6287653688498,1420.0
1202.4729476844109,1358.0
1151.2833774776207,1252.0
1206.444423039791,1160.0
482.31532725014137,545.0
986.04539202769,997.0
1135.1732480530538,1230.0
1281.2732447647215,1430.0
936.961958660872,1007.0
1050.4883833198667,1130.0
1130.5625217275076,1173.0
668.4115222721009,757.0
1122.1879564850128,1320.0
1194.04350895737,1085.0
1020.6985708722358,960.0
918.8609964557946,950.0
764.3593996719745,752.0
1023.4024633141762,1015.0
679.8915781865659,716.0
887.8183159181881,805.0
662.6137301745653,715.0
1108.9772803782814,1210.0
1194.970512776888,1125.0
728.4899272553583,755.0
844.0350162794579,780.0
1265.8097942504235,1350.0
1243.023741859414,1170.0
1128.6251497424093,1120.0
1260.1706381850981,1405.0
1218.6846910536017,1335.0
1213.6970349350954,930.0
1467.0751887104655,1555.0
947.0288608896112,960.0
1019.3198474529996,1140.0
1203.2588521180905,1257.0
1187.7978389428306,1190.0
747.8216453853556,755.0
1028.341607206161,1095.0
1143.6328523547668,1210.0
528.7223864866405,594.0
754.0456941623565,878.0
1366.026754453416,1375.0
1079.1989642750443,1140.0
844.7804442598598,749.0
1020.0391630083769,1411.0
1151.3909969067945,1380.0
1135.7770667053717,1285.0
1300.381386540009,1460.0
1116.6635466293071,1100.0
1368.7633428638503,1750.0
1075.0382876729914,1050.0
720.7074799178491,850.0
1176.3986912849684,1160.0
649.0031355261947,865.0
781.9561041554276,890.0
1048.4797486994091,980.0
1073.9831215273439,1105.0
1137.381621585366,860.0
1077.162632871786,1360.0
1149.0227667755642,1085.0
928.489723923375,955.0
1287.1233001186906,1410.0
1124.5833365343221,1235.0
1101.8009579811485,1242.0
1248.0042621396728,1237.0
1162.5967552184295,1030.0
1007.3836377149406,1015.0
920.3830775015887,875.0
1040.7253006547173,1186.0
932.6428581967456,858.0
994.9530994021089,1065.0
943.6640251727707,715.0
683.9606263341415,600.0
1057.3146424823683,1060.0
771.6879509345085,893.0
985.521616898778,1160.0
984.1545186636314,1035.0
1194.2753502587889,1207.0
1155.936141552141,1065.0
1184.305521194292,1295.0
567.5648005957568,470.0
1170.3278940757946,1190.0
1256.809353056042,1150.0
978.7892895074065,1090.0
452.25944473793544,275.0
1227.6981651700935,1300.0
1108.5242593381097,1045.0
503.0904210224019,471.0
1219.523765653543,1305.0
1116.2025423520693,1045.0
913.7356504405725,980.0
900.8038328033113,816.0
903.3614490363593,1035.0
1075.4210300831412,1070.0
654.4908793708936,630.0
1164.460955130548,1325.0
900.9298632832109,1010.0
1241.5653703117289,1260.0
1297.9726396348035,1220.0
1035.7641440142695,1050.0
1020.2406987885691,1010.0
749.4362428703556,734.0
708.7833136752193,826.0
1052.6968291183464,945.0
1003.0788177022433,1295.0
1248.398307718924,1314.0
989.7386945850509,927.0
1111.4081009345034,1130.0
1128.248910980473,939.0
1364.612532415695,1225.0
684.8809931589279,611.0
1243.4801492796362,1135.0
1071.5907063785216,1107.0
1099.678376508997,1000.0
1073.146050219231,1105.0
648.2397596237716,510.0
920.3105995231305,1018.0
1361.5416864875363,1190.0
717.0716720027434,765.0
601.8018397510782,537.0
1281.5326876671486,1320.0
1088.450363325734,1310.0
1263.9328875121212,1335.0
934.1020770233575,965.0
1000.6888424580187,1095.0
732.6768615088503,756.0
1323.9120420247775,1440.0
1002.6862197083469,1130.0
1102.7827011438717,793.0
1176.5773406942135,1100.0
1391.0154118608646,1260.0
1085.1398293947202,900.0
1076.0853223179497,1065.0
996.2360495923164,960.0
1192.0137838309824,1605.0
1100.3754384224137,1030.0
977.4692991735093,920.0
583.3479448363543,560.0
1252.9588821803636,1370.0
1128.5113031679869,1168.0
846.5438544022577,1125.0
1112.1179220759143,1062.0
839.9239218596564,865.0
1360.482059040731,1165.0
1278.9408982714078,1375.0
701.8191655919519,900.0
1309.899754701655,1580.0
1324.1319215144808,1230.0
727.3147441740897,910.0
1058.4468476215616,1290.0
1245.846529230066,1385.0
1287.0464672395535,1375.0
1112.176515232083,1175.0
1209.6055777825377,1394.0
1119.7951320139355,980.0
525.2023878352237,619.0
890.4206230457772,782.0
703.3096577584715,788.0
1071.9392481138102,1165.0
1108.455159889764,1087.0
638.1916601844528,595.0
1187.2139527304148,1080.0
1362.390436068683,1510.0
1382.7590203037753,1375.0
1099.0937539556105,1158.0
1298.76952182873,1456.0
657.2154114031857,575.0
1126.6093944812158,935.0
1263.2071756834482,1130.0
971.7353910316175,1017.0
1070.8643822256677,1190.0
655.9211752511637,710.0
1015.6547205761234,1060.0
946.8048174607652,1000.0
1114.2690221125815,1035.0
1075.6875784684983,756.0
1196.1940449186043,1075.0
606.926797494289,647.0
1189.0495758615225,865.0
774.7489324222403,826.0
691.2542613359092,700.0
942.0786577814879,836.0
1096.7325484499916,1244.0
622.6987036687461,780.0
1214.766022977219,1225.0
1066.4496851989902,1250.0
856.1685885456069,915.0
980.1252012125832,1090.0
1097.8496834886362,1020.0
869.3247076888956,910.0
492.3379577282392,515.0
1136.1342548249277,1360.0
1263.4974942436422,1191.0
681.3452842287359,480.0
1223.3393079315954,1312.0
1003.4022637595534,980.0
706.1113437900021,828.0
943.6254906461267,1073.0
956.9463476824566,925.0
689.8144535163165,794.0
1481.4403583869625,1505.0
629.8002028289313,700.0
713.4575031699019,695.0
677.8542979731671,785.0
1135.8742737386406,1020.0
1176.1019952867784,1390.0
1088.01065325168,1005.0
711.5483098950418,720.0
1192.0217730459215,1320.0
1083.301954159175,1238.0
940.3169598102692,970.0
1155.85536443955,1150.0
1227.4317545042743,1180.0
1059.5394537195143,890.0
1463.529646786849,1480.0
1099.4795761907394,1338.0
786.6689517757832,781.0
572.8426417068832,635.0
686.071776167763,610.0
677.670197085664,665.0
1047.6605951598847,1206.0
1259.5177195361248,1165.0
1077.5636073826108,995.0
865.3089096659937,665.0
830.8715632245967,950.0
1145.8306891739264,1250.0
711.3322878871589,619.0
784.9862716513107,826.0
1344.0978921072685,1285.0
978.6016542320393,840.0
1329.1285448980382,1480.0
1055.3898004685786,1005.0
1098.3659785401271,1245.0
1196.4023922402364,1310.0
1295.2589985280217,720.0
1075.2558478914711,880.0
1161.3198525387581,975.0
1151.641803715316,1085.0
1252.6583044520469,1190.0
812.8687371086621,967.0
1169.3140519278352,1370.0
1171.0867550985683,1110.0
1225.7072446492027,1320.0
1009.3636629566246,960.0
1237.9911385795358,1354.0
1365.049549296786,1260.0
1061.2237301052635,1110.0
1297.2099474169067,875.0
1028.6762732861944,1110.0
1155.7235051619043,1125.0
1351.80283995101,1492.0
1166.3755355308292,1031.0
1328.6640154463878,1335.0
681.3368907064112,539.0
697.9094134751963,805.0
1123.5828596932427,1155.0
1116.4349344963687,1215.0
674.9433697207688,680.0
1357.800001431456,1326.0
1058.414107250558,1129.0
743.9535495120881,640.0
1287.738158789271,1440.0
1178.1993804833508,1190.0
727.7303564357903,710.0
1143.489915729288,1140.0
1366.86392439806,1505.0
857.4385530796063,877.0
1256.996477616032,1301.0
1016.7311677642638,1100.0
1283.42736670743,1280.0
664.8388536445824,610.0
999.7135327092168,1191.0
713.527791420247,830.0
637.0965169982443,670.0
972.4338554292366,1048.0
627.3749936428941,595.0
733.2192060696112,717.0
985.0183417062913,910.0
1205.5345646682338,980.0
1119.5050707889498,1265.0
1252.8182225753787,1226.0
861.5157319316255,1015.0
1111.2111560086437,1138.0
1275.2256544078907,1215.0
796.8112198684713,800.0
1149.4354416254541,1255.0
976.2983939255411,830.0
1048.5922882489601,1058.0
971.1977182077406,968.0
788.2136705846484,677.0
1264.0314386426974,1124.0
766.507211965954,855.0
994.6701211789224,690.0
1297.3959943734915,1330.0
934.4934141079526,980.0
978.6771470360353,1036.0
1002.1536950883233,965.0
1005.7556778184227,1105.0
1000.8482765720208,740.0
1049.1235073264427,1075.0
1055.7541646067355,1150.0
1091.5774207685383,1025.0
632.4650627973076,770.0
1158.5253389149448,1370.0
938.2111368421794,897.0
914.7896931630653,915.0
596.4687399954063,546.0
987.9715661794403,1175.0
764.4761889632981,535.0
897.825134400879,986.0
1099.4981219894296,1100.0
1091.9872541898258,1045.0
1312.6428247758242,1075.0
743.150901140967,728.0
1442.2753747289141,1300.0
937.2587708440265,775.0
868.4055684653573,785.0
992.5816490869411,1215.0
1282.059900716287,1285.0
687.1113955385836,740.0
1126.3894138310577,1245.0
1005.6072830000643,875.0
681.9954258974943,630.0
1327.7192702668137,1340.0
1180.3209523549303,596.0
1242.1500057869528,1330.0
663.9437115481695,581.0
821.1706254818918,879.0
622.3003182868973,645.0
1227.3334914710897,1270.0
881.9034614186613,610.0
1120.4439398336976,1150.0
730.4111563167766,695.0
1108.720052673899,1185.0
1246.6261036052633,1260.0
731.700667782958,780.0
781.2972268851022,730.0
919.890732212778,1069.0
846.3198179308534,660.0
1088.319792692642,1065.0
620.3840516022977,659.0
627.7060698097984,515.0
673.9756955160794,626.0
687.4661863953153,728.0
1162.4431400706185,1147.0
777.8246890637141,595.0
1057.2607173822648,1030.0
925.2648020582945,880.0
662.4096392526798,700.0
1090.7173715393417,1113.0
777.2212942574928,730.0
902.1455150452781,780.0
1123.9277136238186,1160.0
678.5330453309404,517.0
797.933146939548,790.0
624.1119591047282,730.0
887.0707875125513,1125.0
1119.924342060942,1224.0
778.7807799028164,805.0
468.4869034394664,405.0
1163.0962697985394,1335.0
1315.5941757419814,1231.0
756.5969733690912,823.0
990.0143026553756,810.0
591.6594027636463,578.0
1154.4180602318522,1138.0
1288.4418979124139,709.0
931.1604806417768,991.0
730.8342847338403,853.0
799.7999024486238,717.0
1308.8838865642558,1420.0
428.40236554579616,435.0
676.2674467297717,605.0
1118.6059335861435,1085.0
1313.767274316991,1325.0
1065.634172879242,1275.0
683.6248211946948,735.0
1336.5767458708208,1495.0
977.7186922901714,1062.0
817.1459483700575,628.0
1219.6641898903551,1257.0
1207.580258997983,1395.0
592.1838877885208,517.0
595.2898102364363,667.0
918.7752710766144,1020.0
1098.7774274437872,1220.0
975.0227375732106,835.0
661.9556308542291,685.0
567.2198106974175,580.0
920.9228795038722,1113.0
810.398367210702,620.0
1322.8181766974776,1460.0
1134.5287133341656,1305.0
1389.8926697911982,1260.0
1302.0723731241271,1342.0
662.6927883828071,635.0
1275.2767190221045,915.0
1131.4841346835703,1370.0
919.7564914971763,909.0
607.2706076006731,625.0
1432.7639966224413,1323.0
1199.9933421128003,1240.0
1218.4290645685974,1076.0
1405.1162895176847,1225.0
926.112415067173,541.0
1055.6373098660113,1200.0
875.7067021592762,1010.0
1091.7163403403931,1003.0
1228.5617862697536,1145.0
1375.5976156708866,1305.0
796.1350355625182,634.0
1269.1609443466084,1240.0
1096.081828937174,1210.0
1252.9001081727283,1175.0
559.3223087800484,548.0
1402.1425150085197,1490.0
910.531519771679,800.0
703.600695539791,665.0
873.5389772597672,747.0
912.2930417069921,990.0
968.5104364450373,893.0
1240.5065757444709,1135.0
507.38418079653997,707.0
1094.746744378851,855.0
1139.7257128216659,1090.0
1198.6435154548956,1155.0
906.0463028784474,827.0
1110.4896014961514,865.0
919.8319893100733,1058.0
1404.5589518641402,1397.0
1442.8181190957569,1492.0
764.3037720257825,937.0
745.1137316504579,955.0
1138.0866358836154,1191.0
1239.223711600859,1240.0
732.1936405201124,624.0
1222.2349963644544,1283.0
1212.7748578841208,1343.0
749.7178996241686,945.0
1013.6421913581186,810.0
930.8793785902743,1026.0
1196.6019159779196,1425.0
1021.7669230923789,810.0
1002.6483597074663,974.0
658.2293903861255,575.0
1042.8928179916522,1010.0
1183.2507480744941,1275.0
1134.251499881446,1135.0
1125.5472769487546,1146.0
1051.4888259308009,1050.0
968.0889451286198,997.0
945.0460350330909,1030.0
1200.13360695076,1278.0
981.6432545607018,915.0
937.2687334992246,950.0
965.5978046634687,881.0
501.92471905460235,500.0
694.5872079474874,785.0
780.8782076236515,890.0
771.8913727827297,680.0
1256.1427423200173,1205.0
1311.6820555534573,1391.0
735.9575090312029,727.0
1156.657850379027,1187.0
1300.5774308429811,1219.0
1254.3146324541256,1175.0
1091.660917992015,1145.0
719.6941268125966,642.0
763.4190100854756,1060.0
713.5972563881652,703.0
1033.9899956107324,1055.0
494.1012062165326,592.0
684.1767058723326,647.0
916.1661500549916,816.0
1235.5536221699674,1143.0
742.343702301384,740.0
977.6882231171463,727.0
826.6755105187204,795.0
685.9221253935458,715.0
1233.3008225740616,1213.0
680.0522597524631,553.0
1115.8944377984776,945.0
965.6285734737053,926.0
646.1916244176942,529.0
864.370156841191,950.0
1244.773697178456,1355.0
1273.390077232674,1455.0
1049.2507102555178,1090.0
1249.7149863749485,937.0
686.8731655826978,470.0
1336.0791549446544,1330.0
761.9915375188375,902.0
1045.0508358348068,1109.0
1321.685186224708,1115.0
1181.1588143049382,1065.0
636.578763996254,660.0
1244.704135196891,1560.0
621.8442879123801,550.0
898.0983198131686,885.0
958.6167401081548,990.0
1054.8755324195588,1120.0
1196.5046636632812,1265.0
688.4854147172106,590.0
514.6069815656152,579.0
966.473984771748,695.0
1379.5075592943595,1235.0
1359.6031134286095,1115.0
1158.7958362764314,1080.0
1220.4786677179156,1060.0
1270.3033459978622,1015.0
1399.2776925122316,1462.0
769.6506304877365,649.0
466.9530954033442,460.0
1307.0945626006912,1421.0
1212.3240499184988,1110.0
550.2604424555622,379.0
1105.0794288088439,945.0
1272.0772158139498,1235.0
551.3625322027414,475.0
936.5780290303798,895.0
617.3948289587619,606.0
1489.3008631636314,1430.0
1281.2958799628493,1330.0
1280.3859339456906,1280.0
953.5765195560413,900.0
1108.4743898602803,1040.0
1267.9788801187935,1270.0
761.3944468053661,780.0
1109.3778519496188,1050.0
1179.8449650433593,940.0
1010.9998314725935,848.0
752.2650906751884,695.0
950.5544785420184,842.0
1018.6393486128931,975.0
583.2206119123339,586.0
1108.9798667224095,1230.0
1076.6959716286224,1135.0
978.2417272427073,1000.0
1210.4143205906787,1250.0
1371.2951161873427,1280.0
1376.6439729340593,1180.0
1140.9991294617705,1090.0
1164.4823298439057,1330.0
1286.626854012083,1230.0
1116.8387890595588,1115.0
1158.938992839364,1146.0
600.0750625529737,505.0
1215.630133299559,1020.0
989.3810208620154,835.0
729.6888321903616,605.0
981.0212468405106,840.0
626.2332665368127,520.0
995.175588188277,1202.0
1115.6813504883723,1325.0
1437.5554964275104,1470.0
1234.3736367417985,1310.0
968.0222990818415,910.0
1229.2804189949572,1351.0
1100.7535366035986,1005.0
701.7081618207934,570.0
1227.7836026233351,1230.0
1040.553748409307,962.0
1087.2208800542483,1080.0
1481.7318678160789,1270.0
778.4249601524944,768.0
567.2380347452704,630.0
1127.592023825945,1010.0
1215.2470933068057,995.0
1164.2679046213304,1140.0
1206.6121574003678,1210.0
700.4107024034546,550.0
1271.1382435362389,1510.0
1127.974894522173,1035.0
1146.3543827274054,1405.0
1007.229688308836,960.0
1427.0276017429999,1325.0
553.2001540171009,520.0
1240.0608918454998,1230.0
649.5657812077756,760.0
1369.145602561135,1450.0
594.153100708575,541.0
1282.6042321588861,1405.0
1125.296410733524,750.0
1043.4537353815037,910.0
1344.0120739241756,1320.0
810.9970870718312,820.0
491.5178959812626,380.0
827.6220860000784,850.0
1144.111129303871,850.0
705.9361419900897,705.0
1274.4480894934807,1045.0
973.7729122377558,1267.0
1188.7659105875357,1040.0
807.1007014481473,763.0
1224.6584150660306,1127.0
923.866148504634,1102.0
1319.8155255023214,1365.0
954.9094191435769,1150.0
1189.6069465385415,1325.0
1030.742706441101,960.0
998.5575821680576,1020.0
615.3608051099719,530.0
1204.238748402013,1285.0
987.2073066729605,1090.0
710.433921477376,628.0
783.7602770625705,745.0
1094.4928940283044,1220.0
1238.7544815157273,1252.0
692.6849910677379,640.0
666.0654584734492,535.0
1166.5830051545477,1210.0
1068.7679912723154,945.0
1199.5665640173713,1069.0
1212.746314662478,1195.0
835.8442156906139,830.0
1273.0763125334713,1310.0
1154.0983257930563,905.0
651.0670167158494,615.0
546.8290769055965,565.0
1021.8152998939275,1140.0
1187.1103133461904,1105.0
1279.0975654380302,1276.0
1120.4561417953205,1090.0
1287.0143831805915,1195.0
905.6490013785732,691.0
1291.5769302603087,1380.0
1075.5974528587208,1035.0
1037.5338295302565,1175.0
1450.1047127824088,1570.0
1088.5762151205424,1245.0
727.5131740475398,675.0
1052.341052630445,1021.0
1088.9676173721723,990.0
676.1630009766594,690.0
692.6319953506949,600.0
1033.377600456655,990.0
891.093569115778,1016.0
999.4277802855909,900.0
1226.8612806504468,1050.0
606.8067763215563,731.0
726.1365942801455,820.0
668.685580789858,902.0
1273.3281707404947,1136.0
1042.8504100438954,944.0
707.2634022405017,800.0
616.5819429495864,620.0
1095.7879833170405,850.0
1137.3230415381797,1201.0
1423.8218178191282,1430.0
729.2364371322587,737.0
643.443715404448,700.0
696.7598761771661,583.0
1121.9822162141793,903.0
1219.9092389586046,1430.0
785.3291072221945,846.0
1188.193941461946,1170.0
878.4262785641694,585.0
1284.7483078257208,1490.0
1085.73953785772,1255.0
1114.1297124247806,1105.0
1449.2376204964833,1405.0
1064.807668658311,995.0
1243.1085524559462,1180.0
